BEGIN TRANSACTION;
DROP TABLE IF EXISTS "version";
CREATE TABLE IF NOT EXISTS "version" (
    "key"	TEXT,
    "value"	INTEGER
);
DROP TABLE IF EXISTS "unigram_freq";
CREATE TABLE IF NOT EXISTS "unigram_freq" (
    "id"	INTEGER,
    "gram"	TEXT NOT NULL UNIQUE,
    "n"	INTEGER NOT NULL,
    PRIMARY KEY("id")
);
DROP INDEX IF EXISTS "unigram_freq_gram_idx";
CREATE INDEX IF NOT EXISTS "unigram_freq_gram_idx" ON "unigram_freq" (
    "gram"
);
DROP TABLE IF EXISTS "bigram_freq";
CREATE TABLE IF NOT EXISTS "bigram_freq" (
    "id"	INTEGER,
    "lgram"	TEXT,
    "rgram"	TEXT,
    "n"	INTEGER NOT NULL,
    PRIMARY KEY("id"),
    UNIQUE("lgram","rgram")
);
DROP INDEX IF EXISTS "bigram_freq_gram_index";
CREATE INDEX IF NOT EXISTS "bigram_freq_gram_index" ON "bigram_freq" (
    "lgram",
    "rgram"
);
DROP TABLE IF EXISTS "frequency";
CREATE TABLE IF NOT EXISTS "frequency" (
	"id"        INTEGER PRIMARY KEY,
    "input"     TEXT NOT NULL,
	"freq"      INTEGER,
	"chhan_id"  INTEGER,
	UNIQUE("input")
);
INSERT INTO "frequency" ("input", "freq", "chhan_id") VALUES
("ài", 3783, 75),
("án ne", 1539, 81),
("án ni", 655, 81),
("bé", 599, 9),
("bê", 110, 1952),
("bē", 3116, 77),
("bé thâu", 10, 5338),
("beh", 7205, 45),
("be̍h", 20, 1407),
("bián", 901, 178),
("bô", 12353, 40),
("bóe", 555, 9),
("bōe", 3060, 77),
("boeh", 4717, 45),
("boe̍h", 10, 1407),
("chai", 2138, 89),
("chāi", 350, 199),
("chai iáⁿ", 789, 200),
("cháu", 985, 201),
("chē", 1817, 92),
("chhan chhiūⁿ", 781, 80),
("chháu ê", 10, 5327),
("chháu ôe", 10, 5327),
("chhiáⁿ", 1166, 213),
("chhin chhiūⁿ", 1562, 80),
("chhù", 799, 219),
("chhut", 1124, 16),
("chia", 843, 231),
("chiá", 10, 150),
("chiā", 10, 1624),
("chiah", 6699, 94),
("chia̍h", 4181, 83),
("chiah nī", 640, 572),
("chiah ni̍h", 640, 572),
("chiàu", 499, 95),
("chím má", 686, 242),
("chin", 3786, 906),
("chîⁿ", 1041, 236),
("chiong", 600, 239),
("chit", 3583, 78),
("chi̍t", 8553, 41),
("chit ê", 460, 79),
("chi̍t ē", 884, 241),
("chit khoán", 181, 4659),
("chit má", 686, 242),
("chò", 2677, 53),
("chòe", 1632, 53),
("chōe", 1011, 92),
("ê", 33807, 32),
("ē", 4776, 47),
("ê á", 100, 5328),
("ēng", 757, 64),
("gín á", 1148, 260),
("gín ná", 1148, 260),
("góa", 15113, 36),
("goán", 3210, 70),
("gún", 1251, 70),
("hit", 2482, 55),
("hit ê", 220, 5072),
("hit sî", 124, 4804),
("hó", 3226, 71),
("hó͘ bé", 1, 5320),
("hó͘ bóe", 1, 5320),
("hoaⁿ hí", 859, 99),
("i", 12275, 34),
("í keng", 585, 117),
("iā", 1562, 65),
("iang kah", 10, 2113),
("in", 3004, 50),
("in ūi", 1409, 72),
("iōng", 1314, 64),
("iong kah", 10, 2113),
("ji̍p sim", 10, 5321),
("ji̍t", 1093, 101),
("kā", 4010, 57),
("kah", 5894, 43),
("kah nā", 10, 2175),
("kam", 175, 5323),
("kám", 1499, 303),
("kam khai", 10, 5324),
("kam sim", 10, 5322),
("káⁿ", 910, 304),
("kap", 4926, 43),
("kàu", 3730, 60),
("kè", 344, 110),
("khah", 3392, 104),
("khí", 1057, 5),
("khì", 5653, 4),
("khoán", 879, 106),
("khòaⁿ", 4772, 58),
("khòaⁿ kìⁿ", 570, 147),
("kiaⁿ", 953, 332),
("kiâⁿ", 1833, 108),
("kín", 958, 336),
("kiò", 1732, 109),
("kòe", 1114, 110),
("koh", 4342, 46),
("kóng", 8239, 38),
("kong má", 10, 5319),
("lâi", 9429, 3),
("lán", 2681, 59),
("lâng", 9492, 7),
("lí", 13744, 44),
("liáu", 1048, 112),
("liáu āu", 584, 373),
("lín", 1572, 113),
("li̍p chhun", 1, 5331),
("lóng", 3456, 51),
("m̄", 2579, 13),
("m̄ chiah", 500, 1959),
("m̄ kam", 100, 2473),
("mā", 3719, 68),
("mn̄g", 1111, 115),
("moâi", 100, 1952),
("môe", 100, 1952),
("ná", 1968, 116),
("nā", 3581, 66),
("nā kah", 10, 2489),
("nah", 627, 396),
("nî", 1346, 69),
("nn̄g", 1508, 119),
("o͘ mà mà", 10, 2511),
("ôe", 100, 5325),
("ōe", 974, 120),
("pàng", 856, 407),
("phê ôe", 10, 5326),
("phoe", 193, 416),
("phôe ê", 10, 5326),
("saⁿ", 964, 2),
("sáⁿ mih", 585, 469),
("sí", 1004, 124),
("sî", 1775, 62),
("sī", 10206, 33),
("siā", 10, 1624),
("siáⁿ mih", 585, 469),
("siáⁿ mi̍h", 585, 469),
("siāng", 547, 128),
("sim", 1278, 100),
("sím mih", 585, 469),
("sím mi̍h", 585, 469),
("siōng", 1095, 128),
("siūⁿ", 2059, 73),
("só͘", 1558, 482),
("só͘ chāi", 902, 483),
("só͘ í", 669, 131),
("soah", 796, 486),
("ta", 100, 753),
("tāi chì", 945, 133),
("tâi oân", 1379, 145),
("tâi oân lâng", 169, 4439),
("taⁿ", 795, 134),
("teh", 3396, 54),
("thang", 2885, 67),
("the̍h", 750, 531),
("thiaⁿ", 1850, 135),
("tī", 6706, 39),
("tih", 1698, 54),
("tiō", 2153, 82),
("tio̍h", 8871, 10),
("tio̍h ài", 203, 694),
("tit tio̍h", 414, 4741),
("to", 1896, 552),
("tō sī", 216, 161),
("tōa", 1855, 63),
("tú tio̍h", 122, 4673),
("tùi", 2175, 74),
("ū", 12082, 35),
("ūi tio̍h", 472, 138);
DROP TABLE IF EXISTS "dictionary";
CREATE TABLE "dictionary" (
	"id"           INTEGER PRIMARY KEY,
	"chhan_id"     INTEGER,
	"input"        TEXT NOT NULL,
	"output"       TEXT NOT NULL,
	"weight"       INTEGER,
	"input_length" INTEGER,
	"category"     INTEGER,
	"annotation"   TEXT,
	UNIQUE("input","output"),
    FOREIGN KEY("input") REFERENCES "frequency"("input")
);
INSERT INTO "dictionary" ("input", "output", "weight") VALUES
("ài", "ài", 999),
("ài", "愛", 1000),
("án ne", "án-ne", 999),
("án ne", "按呢", 1000),
("án ni", "án-ne", 999),
("án ni", "按呢", 1000),
("bé", "bé", 999),
("bé", "尾", 1000),
("bé", "碼", 1000),
("bé", "買", 1000),
("bé", "馬", 1000),
("bê", "bê", 999),
("bê", "糜", 1000),
("bê", "迷", 1000),
("bē", "bē", 999),
("bē", "未", 1000),
("bē", "袂", 1000),
("bē", "賣", 1000),
("bé thâu", "bé-thâu", 999),
("bé thâu", "碼頭", 1000),
("bé thâu", "馬頭", 1000),
("beh", "beh", 999),
("beh", "卜", 1000),
("be̍h", "be̍h", 999),
("be̍h", "袜", 1000),
("be̍h", "襪", 1000),
("be̍h", "麥", 1000),
("bián", "bián", 999),
("bián", "免", 1000),
("bô", "bô", 999),
("bô", "無", 1000),
("bóe", "bóe", 999),
("bóe", "尾", 1000),
("bóe", "買", 1000),
("bōe", "bōe", 999),
("bōe", "未", 1000),
("bōe", "袂", 1000),
("bōe", "賣", 1000),
("boeh", "boeh", 999),
("boeh", "卜", 1000),
("boe̍h", "boe̍h", 999),
("boe̍h", "袜", 1000),
("boe̍h", "襪", 1000),
("chai", "chai", 999),
("chai", "知", 1000),
("chāi", "chāi", 999),
("chāi", "在", 1000),
("chai iáⁿ", "chai-iáⁿ", 999),
("chai iáⁿ", "知影", 1000),
("cháu", "cháu", 999),
("cháu", "走", 1000),
("chē", "chē", 999),
("chē", "坐", 1000),
("chē", "多", 1000),
("chhan chhiūⁿ", "chhan-chhiūⁿ", 999),
("chhan chhiūⁿ", "田像", 1000),
("chhan chhiūⁿ", "親像", 1000),
("chháu ê", "chháu-ê", 999),
("chháu ê", "草鞋", 1000),
("chháu ôe", "chháu-ôe", 999),
("chháu ôe", "草鞋", 1000),
("chhiáⁿ", "chhiáⁿ", 999),
("chhiáⁿ", "請", 1000),
("chhin chhiūⁿ", "chhin-chhiūⁿ", 999),
("chhin chhiūⁿ", "親像", 1000),
("chhù", "chhù", 999),
("chhù", "厝", 1000),
("chhut", "chhut", 999),
("chhut", "出", 1000),
("chia", "chia", 999),
("chia", "者", 1000),
("chiá", "者", 1000),
("chiā", "Chiā", 999),
("chiah", "chiah", 999),
("chiah", "即", 1000),
("chiah", "者", 1000),
("chiah", "隻", 1000),
("chia̍h", "chia̍h", 999),
("chia̍h", "食", 1000),
("chiah nī", "chiah-nī", 999),
("chiah nī", "者哖", 1000),
("chiah nī", "者年", 1000),
("chiah nī", "隻哖", 1000),
("chiah nī", "隻年", 1000),
("chiah ni̍h", "chiah-nī", 999),
("chiah ni̍h", "者哖", 1000),
("chiah ni̍h", "者年", 1000),
("chiah ni̍h", "隻哖", 1000),
("chiah ni̍h", "隻年", 1000),
("chiàu", "chiàu", 999),
("chiàu", "照", 1000),
("chím má", "chím-má", 999),
("chím má", "只馬", 1000),
("chím má", "此馬", 1000),
("chin", "chin", 999),
("chin", "眞", 1000),
("chin", "真", 1000),
("chîⁿ", "chîⁿ", 999),
("chîⁿ", "錢", 1000),
("chiong", "chiong", 999),
("chiong", "將", 1000),
("chit", "chit", 999),
("chit", "只", 1000),
("chit", "此", 1000),
("chi̍t", "chi̍t", 999),
("chi̍t", "一", 1000),
("chit ê", "chit ê", 999),
("chit ê", "只个", 1000),
("chit ê", "此个", 1000),
("chi̍t ē", "chi̍t ē", 999),
("chi̍t ē", "chi̍t-ē", 999),
("chi̍t ē", "一下", 1000),
("chit khoán", "chit khoán", 999),
("chit khoán", "只欵", 1000),
("chit khoán", "此欵", 1000),
("chit má", "chit-má", 999),
("chit má", "只馬", 1000),
("chit má", "此馬", 1000),
("chò", "chò", 999),
("chò", "做", 1000),
("chòe", "chòe", 999),
("chòe", "做", 1000),
("chōe", "chōe", 999),
("chōe", "多", 1000),
("ê", "ê", 999),
("ê", "个", 1000),
("ê", "兮", 1000),
("ê", "鞋", 1000),
("ē", "ē", 999),
("ē", "下", 1000),
("ē", "會", 1000),
("ē", "能", 1000),
("ê á", "ê-á", 999),
("ê á", "鞋仔", 1000),
("ēng", "ēng", 999),
("ēng", "用", 1000),
("gín á", "gín-á", 999),
("gín á", "囝仔", 1000),
("gín ná", "gín-ná", 999),
("gín ná", "囝仔", 1000),
("góa", "góa", 999),
("góa", "我", 1000),
("goán", "goán", 999),
("goán", "玩", 1000),
("goán", "翫", 1000),
("goán", "阮", 1000),
("gún", "gún", 999),
("gún", "阮", 1000),
("hit", "hit", 999),
("hit", "喜", 1000),
("hit", "彼", 1000),
("hit", "許", 1000),
("hit ê", "hit ê", 999),
("hit ê", "喜个", 1000),
("hit ê", "彼个", 1000),
("hit ê", "許个", 1000),
("hit sî", "hit sî", 999),
("hit sî", "喜時", 1000),
("hit sî", "彼時", 1000),
("hit sî", "許時", 1000),
("hó", "hó", 999),
("hó", "好", 1000),
("hó͘ bé", "Hó͘-bé", 999),
("hó͘ bé", "虎尾", 1000),
("hó͘ bóe", "Hó͘-bóe", 999),
("hó͘ bóe", "虎尾", 1000),
("hoaⁿ hí", "hoaⁿ-hí", 999),
("hoaⁿ hí", "歡喜", 1000),
("i", "i", 999),
("i", "伊", 1000),
("í keng", "í-keng", 999),
("í keng", "以經", 1000),
("iā", "iā", 999),
("iā", "也", 1000),
("iang kah", "iang-kah", 999),
("iang kah", "央甲", 1000),
("in", "in", 999),
("in", "因", 1000),
("in ūi", "in-ūi", 999),
("in ūi", "因爲", 1000),
("iōng", "iōng", 999),
("iōng", "用", 1000),
("iong kah", "iong-kah", 999),
("iong kah", "央甲", 1000),
("ji̍p sim", "ji̍p sim", 999),
("ji̍p sim", "入心", 1000),
("ji̍t", "ji̍t", 999),
("ji̍t", "日", 1000),
("kā", "kā", 999),
("kā", "共", 1000),
("kah", "kah", 999),
("kah", "kap", 999),
("kah", "到", 1000),
("kah", "甲", 1000),
("kah nā", "kah nā", 999),
("kah nā", "甲若", 1000),
("kah nā", "甲那", 1000),
("kam", "kam", 999),
("kam", "甘", 1000),
("kám", "kám", 999),
("kám", "咁", 1000),
("kám", "敢", 1000),
("kam khai", "kam khai", 999),
("kam khai", "甘開", 1000),
("kam sim", "kam-sim", 999),
("kam sim", "甘心", 1000),
("káⁿ", "káⁿ", 999),
("káⁿ", "敢", 1000),
("kap", "kap", 999),
("kap", "甲", 1000),
("kàu", "kàu", 999),
("kàu", "到", 1000),
("kè", "kè", 999),
("kè", "過", 1000),
("khah", "khah", 999),
("khah", "卡", 1000),
("khah", "恰", 1000),
("khí", "khí", 999),
("khí", "起", 1000),
("khì", "khì", 999),
("khì", "去", 1000),
("khì", "氣", 1000),
("khoán", "khoán", 999),
("khoán", "欵", 1000),
("khòaⁿ", "khòaⁿ", 999),
("khòaⁿ", "看", 1000),
("khòaⁿ kìⁿ", "khòaⁿ kìⁿ", 999),
("khòaⁿ kìⁿ", "看見", 1000),
("kiaⁿ", "kiaⁿ", 999),
("kiaⁿ", "惊", 1000),
("kiaⁿ", "驚", 1000),
("kiâⁿ", "kiâⁿ", 999),
("kiâⁿ", "行", 1000),
("kín", "kín", 999),
("kín", "緊", 1000),
("kiò", "kiò", 999),
("kiò", "叫", 1000),
("kiò", "呌", 1000),
("kòe", "kòe", 999),
("kòe", "過", 1000),
("koh", "koh", 999),
("koh", "閣", 1000),
("kóng", "kóng", 999),
("kóng", "講", 1000),
("kong má", "kong-má", 999),
("kong má", "公媽", 1000),
("lâi", "lâi", 999),
("lâi", "來", 1000),
("lán", "lán", 999),
("lán", "咱", 1000),
("lâng", "lâng", 999),
("lâng", "人", 1000),
("lí", "Lí", 999),
("lí", "lí", 999),
("lí", "李", 1000),
("lí", "汝", 1000),
("liáu", "liáu", 999),
("liáu", "了", 1000),
("liáu āu", "liáu-āu", 999),
("liáu āu", "了后", 1000),
("liáu āu", "了後", 1000),
("lín", "lín", 999),
("lín", "恁", 1000),
("li̍p chhun", "Li̍p-chhun", 999),
("li̍p chhun", "立春", 1000),
("lóng", "lóng", 999),
("lóng", "朗", 1000),
("m̄", "m̄", 999),
("m̄", "不", 1000),
("m̄ chiah", "m̄ chiah", 999),
("m̄ chiah", "不即", 1000),
("m̄ kam", "m̄ kam", 999),
("m̄ kam", "不甘", 1000),
("mā", "mā", 999),
("mā", "嗎", 1000),
("mn̄g", "mn̄g", 999),
("mn̄g", "問", 1000),
("moâi", "moâi", 999),
("moâi", "糜", 1000),
("môe", "môe", 999),
("môe", "糜", 1000),
("ná", "ná", 999),
("ná", "那", 1000),
("nā", "nā", 999),
("nā", "若", 1000),
("nā", "那", 1000),
("nā kah", "nā kah", 999),
("nā kah", "若甲", 1000),
("nā kah", "那甲", 1000),
("nah", "nah", 999),
("nah", "那", 1000),
("nî", "nî", 999),
("nî", "年", 1000),
("nn̄g", "nn̄g", 999),
("nn̄g", "二", 1000),
("o͘ mà mà", "o͘ mà-mà", 999),
("o͘ mà mà", "烏嗎嗎", 1000),
("ôe", "ôe", 999),
("ôe", "鞋", 1000),
("ōe", "ōe", 999),
("ōe", "話", 1000),
("pàng", "pàng", 999),
("pàng", "放", 1000),
("phê ôe", "phê-ôe", 999),
("phê ôe", "皮鞋", 1000),
("phoe", "phoe", 999),
("phoe", "批", 1000),
("phôe ê", "phôe-ê", 999),
("phôe ê", "皮鞋", 1000),
("saⁿ", "saⁿ", 999),
("saⁿ", "saⁿ-", 999),
("saⁿ", "三", 1000),
("saⁿ", "相", 1000),
("saⁿ", "衫", 1000),
("sáⁿ mih", "siáⁿ-mih", 999),
("sáⁿ mih", "省乜", 1000),
("sí", "sí", 999),
("sí", "死", 1000),
("sî", "sî", 999),
("sî", "時", 1000),
("sī", "sī", 999),
("sī", "是", 1000),
("siā", "Siā", 999),
("siáⁿ mih", "siáⁿ-mih", 999),
("siáⁿ mih", "省乜", 1000),
("siáⁿ mi̍h", "siáⁿ-mih", 999),
("siáⁿ mi̍h", "省乜", 1000),
("siāng", "siāng", 999),
("siāng", "上", 1000),
("sim", "sim", 999),
("sim", "心", 1000),
("sím mih", "sím-mih", 999),
("sím mih", "省乜", 1000),
("sím mi̍h", "sím-mih", 999),
("sím mi̍h", "省乜", 1000),
("siōng", "siōng", 999),
("siōng", "上", 1000),
("siūⁿ", "siūⁿ", 999),
("siūⁿ", "想", 1000),
("só͘", "só͘", 999),
("só͘", "所", 1000),
("só͘ chāi", "só͘-chāi", 999),
("só͘ chāi", "所在", 1000),
("só͘ í", "só͘-í", 999),
("só͘ í", "所以", 1000),
("soah", "soah", 999),
("soah", "煞", 1000),
("ta", "ta", 999),
("ta", "乾", 1000),
("ta", "焦", 1000),
("ta", "礁", 1000),
("tāi chì", "tāi-chì", 999),
("tāi chì", "事志", 1000),
("tāi chì", "代志", 1000),
("tâi oân", "Tâi-oân", 999),
("tâi oân", "台員", 1000),
("tâi oân", "台灣", 1000),
("tâi oân lâng", "Tâi-oân lâng", 999),
("tâi oân lâng", "台員人", 1000),
("tâi oân lâng", "台灣人", 1000),
("taⁿ", "taⁿ", 999),
("taⁿ", "今", 1000),
("teh", "teh", 999),
("teh", "塊", 1000),
("thang", "thang", 999),
("thang", "通", 1000),
("the̍h", "the̍h", 999),
("the̍h", "宅", 1000),
("the̍h", "提", 1000),
("thiaⁿ", "thiaⁿ", 999),
("thiaⁿ", "听", 1000),
("thiaⁿ", "聽", 1000),
("tī", "tī", 999),
("tī", "治", 1000),
("tih", "tih", 999),
("tih", "塊", 1000),
("tih", "致", 1000),
("tiō", "Tiō", 999),
("tiō", "tiō", 999),
("tiō", "着", 1000),
("tiō", "趙", 1000),
("tio̍h", "tio̍h", 999),
("tio̍h", "着", 1000),
("tio̍h ài", "tio̍h ài", 999),
("tio̍h ài", "着愛", 1000),
("tit tio̍h", "tit tio̍h", 999),
("tit tio̍h", "得着", 1000),
("to", "to", 999),
("to", "刀", 1000),
("to", "都", 1000),
("tō sī", "tio̍h sī", 999),
("tō sī", "tiō sī", 999),
("tō sī", "着是", 1000),
("tōa", "tōa", 999),
("tōa", "大", 1000),
("tú tio̍h", "tú tio̍h", 999),
("tú tio̍h", "抵着", 1000),
("tú tio̍h", "𫔘着", 1000),
("tùi", "tùi", 999),
("tùi", "對", 1000),
("ū", "ū", 999),
("ū", "有", 1000),
("ūi tio̍h", "ūi-tio̍h", 999),
("ūi tio̍h", "爲着", 1000);
DROP TABLE IF EXISTS "syllables";
CREATE TABLE "syllables" (
    "id" INTEGER PRIMARY KEY,
    "input" TEXT NOT NULL,
    UNIQUE("input")
);
INSERT INTO "syllables" ("input") VALUES
("á"),
("ā"),
("ah"),
("a̍h"),
("ài"),
("ām"),
("án"),
("āu"),
("bé"),
("bê"),
("bē"),
("beh"),
("be̍h"),
("bi"),
("bî"),
("bián"),
("bîn"),
("bô"),
("bó͘"),
("bóe"),
("bōe"),
("boeh"),
("boe̍h"),
("bo̍k"),
("cha"),
("chá"),
("chai"),
("chài"),
("chāi"),
("chán"),
("cháu"),
("chău"),
("che"),
("ché"),
("chē"),
("cheh"),
("chhan"),
("chháu"),
("chhiáⁿ"),
("chhiâng"),
("chhin"),
("chhiūⁿ"),
("chhù"),
("chhun"),
("chhut"),
("chí"),
("chì"),
("chia"),
("chiá"),
("chiă"),
("chiā"),
("chiah"),
("chia̍h"),
("chiat"),
("chiàu"),
("chím"),
("chin"),
("chîn"),
("chîⁿ"),
("chiong"),
("chit"),
("chi̍t"),
("chò"),
("chòe"),
("chōe"),
("choeh"),
("chu"),
("chū"),
("chui"),
("ê"),
("ē"),
("ēng"),
("ge̍h"),
("gî"),
("gia̍p"),
("gín"),
("gô"),
("góa"),
("goán"),
("goe̍h"),
("gún"),
("hā"),
("hâi"),
("hē"),
("hēng"),
("hí"),
("hit"),
("hó"),
("hô"),
("ho͘"),
("hó͘"),
("hō͘"),
("hoaⁿ"),
("hoe"),
("hōe"),
("hok"),
("hù"),
("hū"),
("hûn"),
("i"),
("í"),
("î"),
("iá"),
("iā"),
("iah"),
("ia̍h"),
("ian"),
("iáⁿ"),
("iang"),
("iap"),
("iau"),
("iáu"),
("in"),
("iong"),
("iōng"),
("jek"),
("jī"),
("jiân"),
("jím"),
("jîn"),
("jiok"),
("ji̍p"),
("ji̍t"),
("jūn"),
("ka"),
("ká"),
("kà"),
("kā"),
("kah"),
("kai"),
("kam"),
("kám"),
("kan"),
("kán"),
("káⁿ"),
("kàn"),
("kāng"),
("kap"),
("kàu"),
("kè"),
("kē"),
("keⁿ"),
("keng"),
("kha"),
("khah"),
("khai"),
("khài"),
("khàu"),
("khí"),
("khì"),
("khî"),
("khī"),
("khoàiⁿ"),
("khoán"),
("khòaⁿ"),
("khui"),
("khùi"),
("ki"),
("kì"),
("kî"),
("kià"),
("kiám"),
("kiaⁿ"),
("kiáⁿ"),
("kiâⁿ"),
("kiⁿ"),
("kín"),
("kìⁿ"),
("kiò"),
("kóa"),
("koàn"),
("kòe"),
("koh"),
("kok"),
("kong"),
("kóng"),
("ku"),
("kú"),
("lâi"),
("lāi"),
("lán"),
("lān"),
("lâng"),
("lāu"),
("le"),
("leh"),
("lêng"),
("lí"),
("liáu"),
("liâu"),
("lih"),
("lín"),
("li̍p"),
("ló"),
("lô"),
("lo̍h"),
("long"),
("lóng"),
("lūn"),
("m̄"),
("má"),
("mà"),
("mā"),
("mí"),
("miā"),
("mih"),
("mi̍h"),
("mn̂g"),
("mn̄g"),
("moâi"),
("móe"),
("môe"),
("múi"),
("na"),
("ná"),
("nā"),
("nah"),
("nāi"),
("ne"),
("ngô͘"),
("ni"),
("nî"),
("nī"),
("niá"),
("ni̍h"),
("nn̄g"),
("nō͘"),
("o͘"),
("ō͘"),
("óa"),
("oán"),
("oân"),
("ôe"),
("ōe"),
("ô̤e"),
("ông"),
("pâ"),
("pàng"),
("pê"),
("péng"),
("phe"),
("phê"),
("phōaⁿ"),
("phoe"),
("phôe"),
("pî"),
("pn̄g"),
("sái"),
("san"),
("saⁿ"),
("sáⁿ"),
("sè"),
("sí"),
("sì"),
("sî"),
("sī"),
("siā"),
("siáⁿ"),
("siàⁿ"),
("siāng"),
("sim"),
("sím"),
("sin"),
("sín"),
("sio"),
("sió"),
("sioh"),
("siōng"),
("siūⁿ"),
("só͘"),
("soah"),
("soaⁿ"),
("sòaⁿ"),
("sù"),
("súi"),
("ta"),
("tâi"),
("tāi"),
("taⁿ"),
("tán"),
("tang"),
("tāu"),
("teh"),
("te̍k"),
("téng"),
("thāi"),
("thang"),
("thàu"),
("thâu"),
("the̍h"),
("thêng"),
("thiaⁿ"),
("thiau"),
("thiⁿ"),
("thoàn"),
("tho̍k"),
("tî"),
("tī"),
("tia̍k"),
("tiâⁿ"),
("tiāⁿ"),
("tih"),
("tiō"),
("tio̍h"),
("tio̍k"),
("ti̍p"),
("tit"),
("ti̍t"),
("tiū"),
("to"),
("tó"),
("tō"),
("tó͘"),
("tōa"),
("toàn"),
("to̍h"),
("tú"),
("tùi"),
("ú"),
("û"),
("ū"),
("ūi");
COMMIT;
